Mentor ID,Name,Specialization,Experience (yrs),Rating,Level Taught,Country,Availability (hrs/week),Pricing per hour ($),Teaching Method
1,Thomas Jones,AR/VR Development,28,4.8,"Beginner, Advanced",France,9,116,Live Sessions
2,Charles Martinez,Cloud Security,17,4,"Intermediate, Advanced, Beginner",South Africa,23,93,Hybrid
3,Susan Rodriguez,Game Development,8,4.6,"Advanced, Intermediate",Egypt,34,121,Recorded Lectures
4,Jennifer Miller,Web Development,21,4.9,"Beginner, Advanced, Intermediate",Brazil,25,55,Live Sessions
5,Patricia Garcia,Networking,20,4.1,"Advanced, Intermediate, Beginner",Spain,31,36,Hybrid
6,James Smith,AR/VR Development,22,4.5,"Beginner, Advanced, Intermediate",Australia,11,59,Live Sessions
7,John Taylor,Java Programming,26,4.5,"Beginner, Intermediate",France,13,32,Hybrid
8,James Garcia,Embedded Systems,10,4,"Beginner, Intermediate",South Africa,10,136,Live Sessions
9,William Brown,Software Testing,3,4,"Advanced, Intermediate, Beginner",UK,15,30,Live Sessions
10,Elizabeth Martinez,AR/VR Development,15,3.6,"Intermediate, Advanced, Beginner",France,25,42,Recorded Lectures
11,Jennifer Garcia,Full Stack Development,6,3.8,"Advanced, Intermediate, Beginner",Brazil,23,94,Recorded Lectures
12,David Martinez,Embedded Systems,22,3.9,Beginner,Spain,15,42,Recorded Lectures
13,Richard Moore,iOS Development,19,4.8,"Advanced, Intermediate, Beginner",Egypt,16,44,Recorded Lectures
14,Joseph Brown,Data Science,14,4.9,"Beginner, Advanced",Australia,20,93,Live Sessions
15,Jennifer Martinez,SEO & Content Writing,2,4.1,"Intermediate, Beginner",Brazil,32,134,Hybrid
16,Sarah Hernandez,Java Programming,15,4.7,"Advanced, Intermediate",UAE,15,64,Live Sessions
17,Susan Garcia,Web Development,20,3.8,Beginner,Germany,14,106,Hybrid
18,Susan Lopez,Ethical Hacking,23,4.5,Beginner,Canada,26,112,Recorded Lectures
19,Thomas Taylor,Data Engineering,11,4,Beginner,UAE,24,103,Hybrid
20,David Thomas,Blockchain,10,3.7,Beginner,UAE,10,134,Live Sessions
21,Richard Jones,Cybersecurity,5,4.1,"Beginner, Intermediate, Advanced",Canada,15,26,Live Sessions
22,Karen Davis,Data Science,1,3.9,"Intermediate, Beginner, Advanced",USA,20,76,Hybrid
23,Susan Lopez,Blockchain,30,3.6,"Advanced, Intermediate, Beginner",Egypt,17,49,Live Sessions
24,David Moore,Networking,19,4.1,"Advanced, Intermediate",USA,23,10,Live Sessions
25,John Jones,Digital Marketing,6,4.3,"Advanced, Intermediate",UK,13,82,Recorded Lectures
26,Richard Moore,Product Management,29,4.4,"Advanced, Beginner",Germany,19,84,Hybrid
27,Robert Hernandez,AR/VR Development,7,4.1,Intermediate,France,8,74,Recorded Lectures
28,Barbara Anderson,Cybersecurity,3,3.6,Advanced,Australia,19,48,Hybrid
29,Thomas Miller,AR/VR Development,21,4.4,"Advanced, Beginner, Intermediate",South Africa,36,16,Hybrid
30,Sarah Moore,Game Development,22,4.6,Beginner,Canada,35,149,Recorded Lectures
31,Richard Wilson,Frontend Development,26,3.9,Beginner,Spain,7,39,Live Sessions
32,Sarah Rodriguez,Blockchain,13,4.7,"Advanced, Beginner",USA,38,19,Recorded Lectures
33,Patricia Anderson,Blockchain,1,4,"Beginner, Advanced",UK,20,117,Live Sessions
34,Karen Thomas,Mobile App Development,8,4.2,Intermediate,Australia,29,137,Recorded Lectures
35,David Hernandez,Cybersecurity,22,4.9,Intermediate,UAE,17,19,Live Sessions
36,Sarah Martinez,Data Engineering,4,4.6,"Beginner, Intermediate",UK,32,132,Live Sessions
37,Mary Moore,Game Development,26,3.6,Intermediate,Spain,11,120,Recorded Lectures
38,Karen Martinez,Graphic Design,29,4.1,"Advanced, Beginner, Intermediate",Egypt,40,59,Recorded Lectures
39,David Miller,Digital Marketing,21,4.1,"Beginner, Advanced",UAE,34,139,Live Sessions
40,Susan Johnson,DevOps,21,4.3,"Beginner, Advanced, Intermediate",Spain,9,94,Live Sessions
41,Thomas Lopez,SEO & Content Writing,4,4.8,"Beginner, Advanced, Intermediate",USA,31,148,Live Sessions
42,Michael Martin,Ethical Hacking,12,4.3,"Intermediate, Advanced",USA,37,44,Hybrid
43,Sarah Martinez,Embedded Systems,28,5,"Advanced, Intermediate, Beginner",South Africa,12,99,Live Sessions
44,Susan Garcia,Data Science,30,4.5,"Advanced, Beginner",Canada,26,19,Recorded Lectures
45,Charles Gonzalez,DevOps,17,3.9,"Advanced, Beginner",Australia,30,114,Recorded Lectures
46,Jennifer Jackson,Full Stack Development,17,3.5,"Advanced, Beginner",Brazil,27,117,Recorded Lectures
47,Linda Wilson,Mobile App Development,11,3.5,"Intermediate, Beginner, Advanced",India,25,13,Live Sessions
48,Patricia Davis,Graphic Design,13,4.6,"Beginner, Intermediate",South Africa,33,34,Hybrid
49,Jessica Martinez,Networking,10,4.8,Intermediate,India,13,128,Hybrid
50,Thomas Williams,Ethical Hacking,25,4,Intermediate,Germany,35,31,Hybrid
51,Sarah Brown,DevOps,17,4.3,"Beginner, Advanced",Singapore,9,109,Live Sessions
52,Michael Wilson,Graphic Design,4,4.2,"Beginner, Intermediate, Advanced",Singapore,6,114,Live Sessions
53,Robert Taylor,Mobile App Development,15,4.6,"Beginner, Advanced, Intermediate",Egypt,23,96,Hybrid
54,Patricia Jackson,Game Development,17,4.9,"Advanced, Beginner",UK,38,97,Hybrid
55,Susan Rodriguez,AI & NLP,18,4.4,"Advanced, Beginner, Intermediate",India,38,65,Live Sessions
56,Karen Jones,Software Testing,25,3.9,"Beginner, Intermediate",Germany,29,67,Recorded Lectures
57,John Miller,Frontend Development,11,3.8,Beginner,Singapore,18,93,Recorded Lectures
58,Elizabeth Brown,Game Development,13,4.2,"Intermediate, Beginner, Advanced",Singapore,9,63,Recorded Lectures
59,Mary Anderson,Game AI Development,15,3.7,"Advanced, Beginner, Intermediate",Brazil,12,109,Live Sessions
60,Charles Garcia,Full Stack Development,23,4.9,"Advanced, Beginner",UAE,29,101,Live Sessions
61,Robert Thomas,Machine Learning,2,3.8,"Advanced, Beginner",South Africa,24,68,Hybrid
62,Patricia Johnson,AI & NLP,1,4.1,"Intermediate, Beginner",Germany,26,131,Live Sessions
63,Sarah Anderson,Product Management,27,3.9,"Beginner, Advanced",Canada,27,39,Recorded Lectures
64,Richard Lopez,Data Science,27,3.7,"Beginner, Intermediate",UK,30,99,Live Sessions
65,Jessica Anderson,Data Science,7,4.5,"Intermediate, Beginner",Canada,21,109,Recorded Lectures
66,Mary Moore,Machine Learning,9,4.4,Beginner,Singapore,35,147,Recorded Lectures
67,Jennifer Wilson,Frontend Development,5,3.7,Advanced,Brazil,35,90,Live Sessions
68,Sarah Taylor,Graphic Design,9,4.8,Intermediate,USA,40,149,Recorded Lectures
69,James Williams,AR/VR Development,28,4,Intermediate,India,8,133,Hybrid
70,Linda Johnson,Digital Marketing,17,4,"Intermediate, Advanced, Beginner",Brazil,39,114,Live Sessions
71,Linda Miller,Graphic Design,24,4.7,"Beginner, Intermediate",South Africa,27,75,Live Sessions
72,Richard Brown,Game AI Development,17,3.9,Beginner,Brazil,37,27,Recorded Lectures
73,Karen Davis,Game Development,26,5,"Beginner, Advanced",USA,13,127,Recorded Lectures
74,Patricia Moore,Game AI Development,28,3.7,"Intermediate, Advanced, Beginner",USA,11,33,Hybrid
75,Charles Taylor,Python Programming,25,3.8,Intermediate,Egypt,23,143,Recorded Lectures
76,Karen Rodriguez,Networking,27,4.8,Intermediate,India,13,28,Live Sessions
77,Susan Williams,Blockchain,16,4.4,Beginner,Spain,13,146,Live Sessions
78,James Lopez,UI/UX Design,3,4.9,"Advanced, Intermediate, Beginner",USA,9,59,Hybrid
79,James Jackson,Blockchain,14,4.6,"Advanced, Beginner",India,24,93,Recorded Lectures
80,Karen Garcia,Mobile App Development,12,3.6,Beginner,Australia,18,140,Recorded Lectures
81,Michael Rodriguez,Frontend Development,26,3.8,Beginner,Brazil,5,44,Live Sessions
82,Mary Williams,Product Management,27,4.8,"Beginner, Advanced, Intermediate",Singapore,21,64,Hybrid
83,Elizabeth Rodriguez,UI/UX Design,2,4.1,"Advanced, Beginner, Intermediate",Australia,8,94,Recorded Lectures
84,Michael Lopez,Embedded Systems,26,4.4,"Intermediate, Beginner, Advanced",Australia,18,144,Recorded Lectures
85,David Wilson,Blockchain,19,3.8,Beginner,Australia,6,142,Live Sessions
86,Joseph Thomas,Blockchain,9,5,"Intermediate, Advanced",Egypt,24,16,Hybrid
87,Thomas Gonzalez,Digital Marketing,9,5,"Advanced, Intermediate, Beginner",South Africa,28,103,Hybrid
88,William Garcia,Software Testing,3,3.9,"Beginner, Advanced, Intermediate",France,31,87,Live Sessions
89,Joseph Taylor,Ethical Hacking,21,4.2,"Intermediate, Advanced",UK,20,82,Hybrid
90,Karen Martinez,Cloud Security,5,3.8,"Beginner, Intermediate",Singapore,32,118,Live Sessions
91,James Moore,Backend Development,27,4.4,"Advanced, Beginner",Egypt,9,38,Recorded Lectures
92,Joseph Taylor,Backend Development,18,3.6,"Intermediate, Beginner",South Africa,25,28,Hybrid
93,James Lopez,Cloud Computing,9,4.3,Beginner,UAE,24,70,Recorded Lectures
94,Robert Anderson,Web Development,11,4.2,"Intermediate, Beginner",South Africa,27,108,Recorded Lectures
95,Patricia Gonzalez,DevOps,1,3.6,"Advanced, Beginner",India,5,149,Recorded Lectures
96,Richard Hernandez,AR/VR Development,5,4.7,"Beginner, Advanced, Intermediate",USA,29,14,Hybrid
97,John Jones,Graphic Design,14,4.8,"Advanced, Intermediate",France,9,145,Recorded Lectures
98,Mary Jones,Data Engineering,13,4.9,"Beginner, Intermediate",Canada,21,78,Live Sessions
99,William Johnson,Mobile App Development,19,4,Advanced,France,24,126,Live Sessions
100,Mary Wilson,Machine Learning,23,3.8,"Beginner, Advanced",UAE,16,93,Live Sessions
101,Barbara Garcia,Graphic Design,4,3.6,Advanced,France,32,69,Recorded Lectures
102,Patricia Taylor,Machine Learning,22,4.9,"Beginner, Intermediate",Australia,31,107,Recorded Lectures
103,John Brown,Full Stack Development,1,3.9,Intermediate,Singapore,7,100,Recorded Lectures
104,Linda Moore,Game Development,23,4.4,"Intermediate, Beginner, Advanced",Germany,38,147,Hybrid
105,Elizabeth Martin,Product Management,24,4,"Intermediate, Beginner, Advanced",Spain,24,18,Live Sessions
106,Robert Miller,Game Development,7,4.6,Advanced,UAE,35,136,Recorded Lectures
107,John Taylor,Data Science,20,3.6,Intermediate,South Africa,18,137,Recorded Lectures
108,Jessica Gonzalez,Embedded Systems,23,4,"Intermediate, Advanced",UAE,31,119,Recorded Lectures
109,Mary Martin,Graphic Design,30,4,"Advanced, Intermediate",USA,40,97,Live Sessions
110,Elizabeth Miller,Product Management,25,4.3,"Advanced, Intermediate",Canada,11,84,Hybrid
111,Susan Taylor,Product Management,6,3.7,"Advanced, Beginner",USA,40,63,Hybrid
112,Michael Brown,Full Stack Development,16,4.7,"Intermediate, Advanced, Beginner",Germany,28,102,Hybrid
113,Jessica Williams,Backend Development,3,3.6,Advanced,Canada,22,41,Hybrid
114,Jennifer Smith,Python Programming,17,4.9,Beginner,USA,30,29,Live Sessions
115,Richard Jackson,Blockchain,6,3.7,"Advanced, Intermediate, Beginner",Brazil,27,14,Recorded Lectures
116,Sarah Taylor,SEO & Content Writing,20,4.8,Beginner,USA,6,30,Recorded Lectures
117,Michael Williams,Networking,10,4.9,"Beginner, Intermediate, Advanced",India,30,53,Recorded Lectures
118,Elizabeth Garcia,Software Testing,23,4.1,"Advanced, Beginner, Intermediate",Egypt,10,16,Recorded Lectures
119,Michael Lopez,Digital Marketing,1,4.6,Intermediate,France,20,46,Recorded Lectures
120,Joseph Martin,Game AI Development,9,3.9,"Advanced, Intermediate, Beginner",France,23,109,Live Sessions
121,Elizabeth Garcia,iOS Development,26,4.4,"Intermediate, Advanced, Beginner",Brazil,37,84,Hybrid
122,David Rodriguez,Backend Development,13,4.3,Advanced,UK,17,25,Recorded Lectures
123,Barbara Hernandez,Networking,9,4.1,Beginner,Germany,10,14,Hybrid
124,Karen Wilson,AR/VR Development,15,4,"Advanced, Beginner, Intermediate",Singapore,21,93,Hybrid
125,Joseph Rodriguez,Mobile App Development,8,4.5,Intermediate,Singapore,18,67,Live Sessions
126,Michael Johnson,AR/VR Development,3,4.2,"Beginner, Intermediate",Spain,28,25,Recorded Lectures
127,Karen Wilson,Ethical Hacking,6,4.2,"Intermediate, Beginner",Spain,26,48,Hybrid
128,Patricia Miller,UI/UX Design,11,3.7,Intermediate,South Africa,22,11,Live Sessions
129,Charles Rodriguez,Web Development,8,3.6,"Intermediate, Advanced",Germany,28,52,Recorded Lectures
130,Barbara Rodriguez,AR/VR Development,5,4.1,Intermediate,Singapore,40,141,Recorded Lectures
131,Jennifer Johnson,AR/VR Development,8,3.7,Intermediate,South Africa,26,27,Hybrid
132,Linda Smith,iOS Development,3,4,"Beginner, Intermediate",India,16,46,Hybrid
133,Charles Smith,iOS Development,27,4.7,"Beginner, Intermediate, Advanced",Singapore,39,110,Recorded Lectures
134,Patricia Jones,AI & NLP,28,4.8,"Intermediate, Beginner, Advanced",UAE,20,118,Recorded Lectures
135,Karen Garcia,Game Development,27,4.3,"Advanced, Intermediate, Beginner",Singapore,5,122,Recorded Lectures
136,Michael Jones,Graphic Design,21,4.3,"Intermediate, Advanced, Beginner",France,25,67,Recorded Lectures
137,Sarah Garcia,Web Development,20,4.5,"Intermediate, Advanced, Beginner",UK,24,136,Live Sessions
138,Michael Johnson,Data Engineering,11,3.9,"Intermediate, Beginner, Advanced",UAE,20,51,Hybrid
139,Joseph Rodriguez,Machine Learning,30,4.9,Advanced,Spain,9,112,Recorded Lectures
140,William Smith,Ethical Hacking,13,4.1,"Intermediate, Beginner, Advanced",France,5,125,Hybrid
141,James Brown,Cloud Computing,28,4.4,Beginner,USA,14,35,Live Sessions
142,Joseph Brown,Mobile App Development,17,3.9,"Intermediate, Advanced, Beginner",France,19,137,Hybrid
143,Elizabeth Jackson,Backend Development,14,4.8,"Beginner, Intermediate, Advanced",Egypt,22,14,Live Sessions
144,Jessica Anderson,Web Development,24,4.8,"Beginner, Advanced, Intermediate",India,7,130,Recorded Lectures
145,Linda Williams,Ethical Hacking,16,4.5,"Intermediate, Advanced",France,6,50,Hybrid
146,Barbara Williams,Data Science,16,4.6,"Intermediate, Beginner, Advanced",Brazil,34,57,Recorded Lectures
147,Barbara Thomas,Game Development,12,4.1,"Advanced, Beginner, Intermediate",Germany,5,13,Recorded Lectures
148,Jessica Anderson,Networking,27,3.6,Advanced,Germany,25,143,Live Sessions
149,Barbara Williams,Data Science,23,4.3,Advanced,UAE,21,32,Live Sessions
150,Joseph Williams,Ethical Hacking,24,3.9,"Beginner, Advanced, Intermediate",India,33,93,Recorded Lectures
151,Jessica Jackson,iOS Development,4,4.5,"Advanced, Intermediate",Spain,29,49,Live Sessions
152,Elizabeth Brown,Data Engineering,22,4,"Beginner, Advanced, Intermediate",Spain,30,134,Live Sessions
153,Robert Smith,Ethical Hacking,27,3.9,"Intermediate, Advanced, Beginner",Australia,22,51,Live Sessions
154,Mary Martin,UI/UX Design,19,4.7,"Beginner, Intermediate",UAE,31,106,Hybrid
155,Jennifer Moore,Ethical Hacking,7,4.8,"Intermediate, Beginner, Advanced",Canada,31,67,Live Sessions
156,Richard Anderson,iOS Development,11,3.7,"Advanced, Beginner, Intermediate",UK,10,23,Live Sessions
157,Richard Williams,SEO & Content Writing,5,3.6,Intermediate,India,6,31,Hybrid
158,Charles Martinez,Digital Marketing,6,3.8,"Advanced, Intermediate, Beginner",Germany,23,94,Recorded Lectures
159,Karen Martinez,Cybersecurity,8,4,"Beginner, Advanced, Intermediate",Canada,36,116,Hybrid
160,Elizabeth Martin,Graphic Design,13,4.5,Advanced,UAE,24,136,Hybrid
161,Linda Miller,Game AI Development,9,4.2,Beginner,India,34,24,Live Sessions
162,Linda Hernandez,Python Programming,28,4.7,"Advanced, Beginner",India,11,40,Hybrid
163,Mary Wilson,Java Programming,11,4.9,Intermediate,India,22,88,Live Sessions
164,Mary Smith,Graphic Design,21,3.9,Beginner,France,37,66,Live Sessions
165,William Lopez,Networking,18,4.7,"Advanced, Beginner",Brazil,30,103,Hybrid
166,Susan Hernandez,Networking,25,4.9,"Intermediate, Beginner, Advanced",UAE,31,64,Recorded Lectures
167,Robert Martin,Frontend Development,20,3.7,"Intermediate, Advanced, Beginner",South Africa,17,83,Live Sessions
168,Michael Jones,Cloud Computing,5,3.8,"Beginner, Advanced, Intermediate",Canada,29,38,Hybrid
169,Sarah Gonzalez,Backend Development,10,4.3,"Advanced, Beginner",Australia,11,134,Recorded Lectures
170,Susan Martinez,Game Development,23,4.2,Beginner,USA,30,110,Recorded Lectures
171,Michael Jackson,Frontend Development,15,3.5,"Beginner, Advanced",France,40,110,Live Sessions
172,Patricia Hernandez,iOS Development,15,3.5,"Beginner, Advanced, Intermediate",USA,30,114,Hybrid
173,Richard Williams,Graphic Design,27,4.5,Intermediate,Brazil,25,138,Recorded Lectures
174,Elizabeth Martin,Cloud Computing,30,4.4,"Intermediate, Beginner",India,23,135,Recorded Lectures
175,Jennifer Brown,Web Development,26,4.5,"Advanced, Beginner",UAE,6,42,Recorded Lectures
176,David Rodriguez,Data Science,1,3.7,"Intermediate, Advanced",South Africa,26,33,Live Sessions
177,Thomas Brown,DevOps,15,4,Intermediate,Germany,40,125,Hybrid
178,Jennifer Lopez,Big Data Analytics,12,3.9,"Intermediate, Beginner, Advanced",India,22,87,Recorded Lectures
179,Jessica Johnson,iOS Development,6,4.8,"Advanced, Beginner",South Africa,10,133,Recorded Lectures
180,Sarah Lopez,Cloud Security,2,4.8,"Advanced, Intermediate",Egypt,31,57,Hybrid
181,Mary Brown,Data Science,13,4.4,"Advanced, Intermediate",India,15,62,Hybrid
182,Jessica Johnson,Web Development,25,4.8,"Intermediate, Advanced, Beginner",Spain,37,57,Hybrid
183,Thomas Davis,Software Testing,29,4.5,"Intermediate, Beginner",Germany,34,48,Hybrid
184,Susan Jones,iOS Development,30,4.6,"Beginner, Advanced",India,27,51,Recorded Lectures
185,Richard Jones,Software Testing,14,3.5,"Intermediate, Beginner",Spain,16,127,Live Sessions
186,Mary Martin,Blockchain,10,4.8,"Intermediate, Advanced, Beginner",India,40,140,Live Sessions
187,Sarah Garcia,Mobile App Development,30,4,"Advanced, Beginner, Intermediate",Spain,34,102,Hybrid
188,Elizabeth Brown,Product Management,15,4.8,"Beginner, Intermediate, Advanced",South Africa,16,127,Recorded Lectures
189,Elizabeth Brown,DevOps,2,3.7,"Beginner, Advanced",Canada,6,73,Hybrid
190,Susan Hernandez,Software Testing,9,4.5,"Advanced, Beginner",Singapore,22,35,Live Sessions
191,Elizabeth Martinez,AI & NLP,7,3.5,Intermediate,Singapore,25,71,Live Sessions
192,Linda Johnson,Product Management,26,4,"Advanced, Intermediate, Beginner",Brazil,38,46,Recorded Lectures
193,Richard Wilson,Java Programming,26,4.6,Beginner,Canada,6,39,Recorded Lectures
194,Patricia Williams,Data Science,9,3.8,"Intermediate, Advanced, Beginner",UK,16,39,Hybrid
195,Richard Jones,iOS Development,14,4.6,"Intermediate, Beginner",UK,6,87,Hybrid
196,Barbara Jackson,Software Testing,29,3.5,Beginner,Spain,16,141,Live Sessions
197,Linda Williams,Networking,23,4.9,"Advanced, Intermediate, Beginner",Canada,33,76,Hybrid
198,John Anderson,Product Management,22,4.4,Intermediate,Brazil,31,119,Recorded Lectures
199,Jessica Garcia,Cloud Computing,27,4,"Beginner, Advanced, Intermediate",South Africa,31,144,Recorded Lectures
200,Jessica Johnson,Ethical Hacking,2,3.7,"Beginner, Advanced",Singapore,26,59,Live Sessions
201,Michael Johnson,Ethical Hacking,14,4.3,Intermediate,Spain,24,108,Hybrid
202,Robert Thomas,DevOps,28,3.9,"Intermediate, Beginner",UK,11,83,Live Sessions
203,Michael Williams,Data Science,26,4,"Advanced, Intermediate",USA,13,63,Recorded Lectures
204,Jessica Wilson,SEO & Content Writing,21,3.6,"Intermediate, Advanced, Beginner",Brazil,40,82,Recorded Lectures
205,Jessica Jackson,Data Engineering,13,4.1,Advanced,Germany,38,105,Live Sessions
206,Michael Taylor,Networking,18,4.2,Intermediate,UAE,6,146,Live Sessions
207,Susan Anderson,Machine Learning,10,4.4,"Beginner, Intermediate",Germany,10,135,Live Sessions
208,Joseph Anderson,Cloud Computing,1,4.1,"Beginner, Advanced, Intermediate",Canada,33,129,Hybrid
209,Barbara Brown,Game AI Development,14,4.6,"Advanced, Beginner",France,29,148,Recorded Lectures
210,Charles Jones,Data Science,7,4.7,"Advanced, Intermediate",Spain,28,90,Live Sessions
211,Elizabeth Martin,Backend Development,13,4.9,"Beginner, Intermediate, Advanced",Spain,20,99,Live Sessions
212,Linda Garcia,Data Science,13,4.2,Beginner,France,26,72,Live Sessions
213,James Thomas,UI/UX Design,19,4.9,"Beginner, Advanced, Intermediate",Australia,34,140,Live Sessions
214,John Gonzalez,UI/UX Design,1,4.9,Advanced,Singapore,37,81,Hybrid
215,William Davis,Cloud Computing,27,4.1,"Intermediate, Beginner, Advanced",USA,19,134,Live Sessions
216,Sarah Jackson,Machine Learning,12,4.7,"Intermediate, Advanced",France,38,123,Live Sessions
217,Thomas Taylor,AR/VR Development,5,4,"Advanced, Intermediate",Australia,25,123,Hybrid
218,Jessica Wilson,Web Development,23,3.8,"Beginner, Intermediate",Germany,24,93,Live Sessions
219,Mary Thomas,Mobile App Development,2,4.8,"Intermediate, Advanced, Beginner",France,6,65,Hybrid
220,Barbara Jackson,Big Data Analytics,6,5,"Beginner, Advanced",Canada,24,54,Live Sessions
221,Susan Brown,Ethical Hacking,29,4.6,"Advanced, Beginner, Intermediate",Spain,18,65,Live Sessions
222,Susan Hernandez,Frontend Development,9,4.8,"Advanced, Intermediate, Beginner",Germany,13,127,Hybrid
223,Richard Gonzalez,Game AI Development,18,3.6,"Beginner, Advanced",Australia,37,105,Recorded Lectures
224,Patricia Wilson,DevOps,4,4.7,"Beginner, Intermediate",Germany,11,127,Live Sessions
225,Barbara Garcia,Backend Development,8,4.6,"Intermediate, Advanced, Beginner",South Africa,16,77,Hybrid
226,Patricia Rodriguez,AI & NLP,13,3.8,"Beginner, Advanced",Egypt,29,76,Hybrid
227,John Moore,Frontend Development,7,3.7,"Beginner, Advanced",Canada,36,93,Live Sessions
228,Joseph Smith,Python Programming,9,4.4,"Beginner, Advanced",Singapore,35,58,Recorded Lectures
229,James Garcia,Graphic Design,27,4.2,Intermediate,UK,12,146,Live Sessions
230,Jennifer Smith,Web Development,6,3.6,"Intermediate, Beginner, Advanced",Spain,29,67,Live Sessions
231,William Lopez,Networking,5,4.7,"Intermediate, Advanced, Beginner",Singapore,6,39,Live Sessions
232,William Miller,Mobile App Development,27,3.5,"Intermediate, Advanced, Beginner",India,25,95,Live Sessions
233,Karen Lopez,UI/UX Design,30,4.6,"Beginner, Intermediate, Advanced",Egypt,25,48,Live Sessions
234,Susan Smith,Machine Learning,3,4.9,Advanced,UAE,8,143,Live Sessions
235,Karen Jackson,Digital Marketing,11,4.7,"Advanced, Intermediate",Brazil,5,143,Hybrid
236,John Jones,Ethical Hacking,4,4.3,"Advanced, Beginner",Germany,29,149,Hybrid
237,Mary Moore,UI/UX Design,11,3.9,"Beginner, Advanced",Australia,17,84,Hybrid
238,Elizabeth Williams,Web Development,19,3.6,Intermediate,UK,26,57,Recorded Lectures
239,James Jones,AI & NLP,16,4.5,"Advanced, Intermediate, Beginner",Singapore,17,80,Recorded Lectures
240,Patricia Jackson,Embedded Systems,28,4.6,Beginner,India,25,28,Recorded Lectures
241,David Davis,Cloud Computing,4,4.1,"Advanced, Intermediate, Beginner",Australia,11,11,Recorded Lectures
242,Karen Martin,Full Stack Development,22,4.8,"Beginner, Advanced, Intermediate",Egypt,14,121,Recorded Lectures
243,Thomas Martin,Game AI Development,16,3.6,Intermediate,Singapore,6,109,Live Sessions
244,Mary Johnson,Cybersecurity,16,3.6,"Advanced, Beginner",UK,35,88,Hybrid
245,Patricia Lopez,Frontend Development,3,4.7,Intermediate,UK,30,74,Hybrid
246,William Taylor,Product Management,25,4.2,"Intermediate, Beginner, Advanced",UAE,11,94,Hybrid
247,Thomas Rodriguez,Embedded Systems,17,4.2,Advanced,UAE,12,126,Hybrid
248,Joseph Johnson,Web Development,4,4.4,Intermediate,Brazil,10,135,Recorded Lectures
249,Susan Brown,Digital Marketing,27,3.6,Beginner,UK,32,89,Live Sessions
250,Linda Davis,Backend Development,1,4.3,Advanced,India,27,114,Hybrid
251,Mary Jackson,Big Data Analytics,18,3.9,"Intermediate, Advanced",Canada,35,120,Recorded Lectures
252,Elizabeth Wilson,Cybersecurity,28,4.6,"Intermediate, Beginner, Advanced",USA,14,117,Recorded Lectures
253,James Martin,AI & NLP,26,4.5,"Beginner, Advanced, Intermediate",Singapore,32,125,Live Sessions
254,Thomas Brown,Backend Development,9,4.3,Intermediate,Brazil,15,128,Hybrid
255,James Martin,Software Testing,6,3.6,"Advanced, Intermediate, Beginner",Singapore,36,63,Live Sessions
256,Barbara Johnson,DevOps,15,4.5,Beginner,France,16,99,Live Sessions
257,Linda Hernandez,Java Programming,26,4.3,"Advanced, Beginner",Spain,27,132,Recorded Lectures
258,Mary Jones,Data Engineering,24,4.8,Beginner,Singapore,32,33,Recorded Lectures
259,Linda Miller,Digital Marketing,8,4.7,"Intermediate, Advanced",Egypt,39,33,Hybrid
260,Mary Moore,Machine Learning,28,4.2,Advanced,France,22,103,Live Sessions
261,Elizabeth Miller,Embedded Systems,6,3.7,Advanced,Canada,9,148,Live Sessions
262,David Taylor,Cloud Security,23,3.9,Beginner,France,6,58,Hybrid
263,Susan Gonzalez,AR/VR Development,10,4.8,Advanced,Egypt,29,142,Live Sessions
264,Mary Wilson,Cybersecurity,16,4.7,"Advanced, Beginner, Intermediate",Egypt,7,19,Live Sessions
265,William Smith,Graphic Design,26,4.5,"Advanced, Intermediate, Beginner",India,29,15,Live Sessions
266,Joseph Lopez,Ethical Hacking,12,4.2,"Advanced, Intermediate",Germany,13,19,Recorded Lectures
267,James Anderson,Digital Marketing,20,3.9,Beginner,Germany,28,24,Hybrid
268,Michael Smith,Data Engineering,8,4.2,"Advanced, Intermediate",Spain,21,118,Hybrid
269,Jennifer Lopez,SEO & Content Writing,11,3.8,Intermediate,Canada,28,106,Recorded Lectures
270,John Gonzalez,Python Programming,30,3.6,"Beginner, Advanced",Brazil,6,31,Live Sessions
271,Barbara Martin,Game Development,4,4.3,Beginner,Australia,31,97,Live Sessions
272,Elizabeth Williams,DevOps,5,4.9,"Intermediate, Advanced",USA,26,46,Hybrid
273,Richard Rodriguez,Cloud Security,26,4.9,"Intermediate, Advanced, Beginner",Australia,26,38,Live Sessions
274,Elizabeth Rodriguez,Data Science,9,4.4,"Intermediate, Advanced, Beginner",Brazil,13,22,Recorded Lectures
275,Barbara Thomas,Cybersecurity,12,3.8,"Advanced, Beginner",Australia,16,67,Live Sessions
276,Linda Rodriguez,Ethical Hacking,6,4.6,"Beginner, Advanced",Singapore,8,28,Hybrid
277,Joseph Anderson,Cloud Computing,26,4.8,"Beginner, Advanced",Brazil,6,103,Hybrid
278,Joseph Miller,Python Programming,27,3.8,"Beginner, Advanced",UAE,12,30,Recorded Lectures
279,Jessica Brown,UI/UX Design,10,4.7,"Intermediate, Beginner, Advanced",Germany,8,108,Recorded Lectures
280,John Davis,Game Development,27,4.9,"Beginner, Intermediate, Advanced",India,33,83,Live Sessions
281,Susan Gonzalez,Software Testing,17,3.9,Advanced,Spain,32,131,Recorded Lectures
282,Patricia Martin,AR/VR Development,9,4.5,"Intermediate, Advanced",UAE,9,88,Hybrid
283,Karen Johnson,Python Programming,9,4.9,"Intermediate, Beginner, Advanced",Singapore,17,58,Recorded Lectures
284,Barbara Hernandez,Networking,6,3.6,"Intermediate, Beginner",Spain,8,39,Recorded Lectures
285,James Garcia,Software Testing,9,4.6,"Intermediate, Beginner, Advanced",Egypt,5,132,Hybrid
286,David Martin,UI/UX Design,21,4.5,"Advanced, Beginner",Germany,23,99,Hybrid
287,Elizabeth Rodriguez,Graphic Design,18,5,Beginner,Brazil,26,112,Hybrid
288,Michael Lopez,Embedded Systems,4,3.7,"Beginner, Advanced",USA,34,102,Recorded Lectures
289,Thomas Williams,Java Programming,23,4.4,Beginner,Canada,5,51,Hybrid
290,Joseph Davis,Web Development,23,4.5,"Advanced, Intermediate, Beginner",India,6,59,Live Sessions
291,David Garcia,Big Data Analytics,24,4,Advanced,France,40,96,Hybrid
292,Sarah Moore,Data Science,29,3.7,"Beginner, Advanced",France,34,67,Recorded Lectures
293,William Jackson,AI & NLP,19,3.7,Intermediate,Singapore,29,148,Recorded Lectures
294,Michael Garcia,iOS Development,29,4.9,"Intermediate, Beginner",UK,31,112,Recorded Lectures
295,Richard Brown,AI & NLP,5,4.7,Intermediate,Spain,22,84,Live Sessions
296,Mary Thomas,Digital Marketing,15,4.9,Intermediate,Singapore,12,59,Hybrid
297,David Wilson,Full Stack Development,8,3.7,"Intermediate, Beginner, Advanced",Canada,13,54,Recorded Lectures
298,John Anderson,Frontend Development,25,4.5,Intermediate,Australia,34,102,Live Sessions
299,Patricia Jones,Machine Learning,21,4,Advanced,France,36,136,Recorded Lectures
300,Sarah Martin,Full Stack Development,16,3.6,Intermediate,France,37,123,Hybrid
301,Michael Jones,Digital Marketing,29,4,Intermediate,France,38,32,Live Sessions
302,William Taylor,Software Testing,15,3.5,"Beginner, Advanced, Intermediate",USA,13,140,Live Sessions
303,Michael Thomas,Game AI Development,26,4.8,"Advanced, Intermediate",Brazil,14,42,Hybrid
304,Barbara Taylor,Ethical Hacking,25,3.9,"Advanced, Intermediate, Beginner",South Africa,22,147,Hybrid
305,William Gonzalez,Networking,22,5,"Intermediate, Advanced, Beginner",Spain,36,141,Live Sessions
306,Susan Smith,Networking,22,4,Intermediate,Australia,9,29,Live Sessions
307,Joseph Johnson,Networking,25,4.6,"Intermediate, Beginner",India,38,42,Recorded Lectures
308,David Smith,iOS Development,1,5,"Intermediate, Beginner, Advanced",Australia,9,134,Live Sessions
309,Barbara Lopez,Data Engineering,9,3.9,"Beginner, Intermediate, Advanced",France,27,71,Hybrid
310,William Martin,Frontend Development,3,4.1,"Intermediate, Advanced, Beginner",Canada,10,25,Live Sessions
311,Patricia Wilson,Game AI Development,14,4,"Advanced, Beginner, Intermediate",France,30,41,Hybrid
312,Robert Davis,Web Development,6,4.9,"Advanced, Beginner",USA,8,130,Live Sessions
313,Joseph Brown,Software Testing,15,4.4,"Advanced, Beginner, Intermediate",South Africa,19,55,Hybrid
314,Patricia Taylor,Web Development,27,4.8,"Beginner, Advanced, Intermediate",Egypt,7,104,Live Sessions
315,Robert Miller,Game AI Development,14,3.7,"Beginner, Advanced, Intermediate",France,12,48,Live Sessions
316,Mary Smith,Mobile App Development,2,4.1,Advanced,France,8,100,Live Sessions
317,James Johnson,Software Testing,9,4.4,Advanced,France,27,147,Hybrid
318,Jessica Jackson,Web Development,28,4.3,Intermediate,South Africa,9,138,Recorded Lectures
319,Richard Smith,Cloud Security,30,3.8,"Intermediate, Advanced, Beginner",UAE,34,107,Recorded Lectures
320,Jennifer Thomas,AR/VR Development,18,4.5,"Beginner, Advanced, Intermediate",India,30,99,Live Sessions
321,David Wilson,Machine Learning,8,4.3,"Beginner, Advanced",USA,14,13,Hybrid
322,Joseph Gonzalez,Frontend Development,13,4,"Intermediate, Beginner, Advanced",Canada,21,130,Live Sessions
323,Sarah Lopez,Python Programming,27,3.7,Intermediate,Singapore,10,91,Recorded Lectures
324,Robert Jones,Software Testing,6,4.4,Beginner,India,9,105,Hybrid
325,Elizabeth Miller,UI/UX Design,24,4.8,Advanced,France,29,75,Recorded Lectures
326,Elizabeth Williams,Backend Development,16,4.5,"Beginner, Advanced",Brazil,6,48,Recorded Lectures
327,Robert Brown,Backend Development,22,4.7,Intermediate,Egypt,13,74,Hybrid
328,Linda Johnson,Cloud Computing,15,4.7,Advanced,UAE,40,52,Hybrid
329,Charles Moore,Python Programming,27,3.8,"Intermediate, Beginner, Advanced",Egypt,17,116,Recorded Lectures
330,Jessica Wilson,Blockchain,18,4.6,"Advanced, Intermediate, Beginner",India,12,81,Recorded Lectures
331,Richard Martinez,Backend Development,13,4.7,Intermediate,Brazil,21,91,Live Sessions
332,Patricia Garcia,Game AI Development,3,4.9,Intermediate,UAE,24,49,Hybrid
333,Charles Jackson,Cloud Security,6,4.5,Advanced,Canada,12,122,Hybrid
334,Elizabeth Thomas,Big Data Analytics,28,3.9,"Intermediate, Beginner, Advanced",Canada,15,15,Recorded Lectures
335,Jessica Jackson,Mobile App Development,15,4.8,Intermediate,France,7,95,Hybrid
336,Sarah Garcia,Networking,4,3.6,"Advanced, Beginner, Intermediate",UK,9,109,Recorded Lectures
337,Barbara Hernandez,Python Programming,21,4.3,Beginner,Australia,17,20,Hybrid
338,Joseph Martinez,Frontend Development,23,4.7,"Beginner, Advanced, Intermediate",UK,11,97,Live Sessions
339,Robert Wilson,Product Management,12,4.8,Intermediate,UK,19,26,Live Sessions
340,Mary Thomas,Full Stack Development,15,4.1,Beginner,Canada,20,124,Hybrid
341,John Lopez,Data Engineering,29,4,"Intermediate, Advanced, Beginner",Brazil,14,30,Live Sessions
342,Mary Garcia,AR/VR Development,19,3.6,Intermediate,UK,37,91,Live Sessions
343,James Jackson,Cloud Computing,19,4.5,"Beginner, Intermediate",Germany,8,119,Live Sessions
344,Barbara Jackson,Big Data Analytics,22,3.7,"Advanced, Beginner",Australia,28,80,Hybrid
345,James Williams,Ethical Hacking,23,3.9,"Beginner, Advanced",France,24,76,Live Sessions
346,Richard Lopez,Cloud Computing,25,5,"Beginner, Advanced",UAE,26,70,Live Sessions
347,Susan Miller,Python Programming,25,3.5,"Intermediate, Beginner, Advanced",USA,22,106,Recorded Lectures
348,Charles Moore,Machine Learning,24,3.8,"Beginner, Intermediate",South Africa,17,87,Recorded Lectures
349,William Miller,Blockchain,25,4.4,"Intermediate, Beginner",South Africa,26,39,Recorded Lectures
350,David Davis,Data Engineering,15,3.6,"Intermediate, Advanced, Beginner",UK,20,22,Live Sessions
351,John Moore,Embedded Systems,1,4.9,Beginner,India,39,145,Hybrid
352,Mary Gonzalez,AR/VR Development,30,4.2,"Beginner, Advanced",UAE,26,128,Recorded Lectures
353,Barbara Brown,Frontend Development,23,4.6,"Intermediate, Advanced, Beginner",Canada,18,89,Recorded Lectures
354,Patricia Martinez,AI & NLP,2,4.6,"Beginner, Advanced",UAE,23,141,Live Sessions
355,Susan Thomas,iOS Development,7,4.7,Beginner,France,34,106,Hybrid
356,Mary Lopez,Ethical Hacking,14,4.8,"Beginner, Advanced",UAE,7,34,Live Sessions
357,Karen Wilson,Software Testing,28,4.9,"Advanced, Beginner",UAE,37,125,Live Sessions
358,John Garcia,Data Science,29,4.3,"Intermediate, Advanced, Beginner",India,17,97,Live Sessions
359,James Rodriguez,Data Science,26,4.6,"Advanced, Intermediate",France,22,74,Recorded Lectures
360,Barbara Martin,Software Testing,18,3.5,"Intermediate, Advanced, Beginner",Germany,18,36,Live Sessions
361,William Taylor,Mobile App Development,30,4.5,"Beginner, Intermediate",Spain,5,111,Hybrid
362,Richard Jackson,iOS Development,29,4.4,"Intermediate, Advanced, Beginner",UK,22,67,Hybrid
363,Barbara Miller,AI & NLP,24,4.4,"Beginner, Intermediate",India,22,86,Live Sessions
364,Jessica Anderson,Mobile App Development,9,4.4,Intermediate,UAE,38,11,Hybrid
365,Elizabeth Taylor,Cloud Security,6,4.5,Intermediate,France,14,39,Live Sessions
366,David Thomas,UI/UX Design,12,4.5,"Advanced, Beginner",Australia,39,74,Recorded Lectures
367,Sarah Martin,Embedded Systems,24,4,"Advanced, Beginner, Intermediate",UK,35,49,Recorded Lectures
368,James Martin,Cloud Computing,26,4.7,"Beginner, Advanced, Intermediate",Singapore,9,128,Recorded Lectures
369,William Miller,UI/UX Design,10,4.3,"Intermediate, Advanced",Australia,23,10,Hybrid
370,Robert Taylor,AR/VR Development,6,4.1,"Beginner, Intermediate",Spain,22,100,Hybrid
371,Jennifer Gonzalez,Graphic Design,4,4.2,Intermediate,USA,40,99,Hybrid
372,Charles Rodriguez,DevOps,28,4.8,Beginner,UK,26,29,Hybrid
373,Jennifer Brown,Backend Development,24,3.6,"Intermediate, Beginner, Advanced",Singapore,38,94,Hybrid
374,Elizabeth Taylor,Product Management,25,4.4,"Intermediate, Advanced, Beginner",Egypt,11,40,Recorded Lectures
375,Thomas Lopez,Machine Learning,5,4.5,"Beginner, Intermediate, Advanced",India,36,90,Live Sessions
376,Sarah Davis,AR/VR Development,24,4.2,"Advanced, Beginner, Intermediate",Spain,6,92,Hybrid
377,Karen Williams,Networking,7,4.8,"Beginner, Advanced",UAE,37,122,Recorded Lectures
378,John Thomas,Cloud Computing,10,4.9,"Advanced, Beginner, Intermediate",Brazil,39,99,Hybrid
379,Sarah Smith,Java Programming,5,4.2,"Beginner, Advanced",South Africa,29,98,Live Sessions
380,Thomas Martin,Product Management,12,3.8,"Advanced, Beginner",Germany,39,19,Hybrid
381,Patricia Smith,SEO & Content Writing,10,3.8,"Intermediate, Advanced, Beginner",South Africa,9,128,Hybrid
382,Thomas Gonzalez,Mobile App Development,2,3.5,Beginner,Spain,21,149,Live Sessions
383,Jennifer Davis,Java Programming,6,3.7,Beginner,Brazil,24,65,Live Sessions
384,Patricia Brown,Mobile App Development,1,4.3,"Intermediate, Advanced",Canada,28,18,Hybrid
385,James Gonzalez,Full Stack Development,13,4.8,"Beginner, Advanced",Egypt,31,91,Hybrid
386,Linda Miller,Cybersecurity,24,3.7,"Beginner, Advanced",France,19,80,Recorded Lectures
387,Richard Davis,AI & NLP,26,3.8,"Advanced, Beginner",UAE,9,21,Live Sessions
388,Karen Hernandez,Java Programming,21,5,Intermediate,Australia,40,78,Live Sessions
389,Thomas Davis,Networking,10,3.8,"Advanced, Beginner, Intermediate",UAE,16,147,Hybrid
390,Charles Johnson,Digital Marketing,8,3.5,"Advanced, Intermediate, Beginner",France,12,124,Recorded Lectures
391,Jennifer Miller,Software Testing,6,3.6,"Intermediate, Advanced, Beginner",Australia,29,90,Recorded Lectures
392,Jessica Taylor,Game Development,22,4.3,Intermediate,UAE,13,107,Recorded Lectures
393,Patricia Gonzalez,Ethical Hacking,23,3.7,Intermediate,India,40,41,Live Sessions
394,David Jackson,Data Engineering,18,5,"Beginner, Advanced, Intermediate",India,31,84,Live Sessions
395,Linda Garcia,DevOps,14,4.9,"Intermediate, Beginner",UAE,20,71,Hybrid
396,Jessica Gonzalez,Web Development,10,4.9,"Beginner, Intermediate, Advanced",Singapore,14,59,Hybrid
397,Thomas Thomas,Python Programming,2,3.9,"Beginner, Advanced, Intermediate",Spain,24,115,Recorded Lectures
398,Karen Jones,Frontend Development,4,4.3,Beginner,France,8,91,Live Sessions
399,John Taylor,Software Testing,18,3.5,"Beginner, Advanced, Intermediate",India,6,23,Recorded Lectures
400,Joseph Garcia,Mobile App Development,25,3.6,"Beginner, Advanced",Australia,22,16,Live Sessions
401,Michael Smith,DevOps,21,4.1,"Beginner, Intermediate, Advanced",Spain,24,127,Recorded Lectures
402,Mary Brown,UI/UX Design,4,4.3,"Advanced, Beginner",Spain,24,91,Live Sessions
403,Jennifer Brown,Big Data Analytics,12,4.8,"Intermediate, Advanced, Beginner",South Africa,29,74,Hybrid
404,Sarah Johnson,Game Development,10,3.9,Advanced,France,19,13,Recorded Lectures
405,Sarah Martin,Software Testing,10,4.3,Advanced,UAE,8,22,Recorded Lectures
406,Michael Moore,Ethical Hacking,21,4.5,"Advanced, Beginner, Intermediate",Germany,34,85,Live Sessions
407,Richard Smith,Full Stack Development,21,4.5,"Intermediate, Advanced, Beginner",Australia,37,68,Live Sessions
408,Barbara Rodriguez,Product Management,10,3.6,"Intermediate, Beginner",Singapore,25,140,Recorded Lectures
409,Michael Smith,Game AI Development,29,4.7,"Intermediate, Advanced",Brazil,17,134,Live Sessions
410,Jessica Lopez,Cybersecurity,26,4.8,"Beginner, Intermediate, Advanced",India,34,27,Hybrid
411,Jennifer Lopez,Big Data Analytics,26,3.9,"Advanced, Beginner",USA,37,38,Recorded Lectures
412,Richard Davis,Data Engineering,25,4,Advanced,Egypt,35,89,Recorded Lectures
413,Robert Gonzalez,Ethical Hacking,17,4.5,Beginner,Singapore,5,94,Hybrid
414,William Jackson,Backend Development,3,4.2,"Beginner, Intermediate, Advanced",India,17,92,Hybrid
415,Patricia Moore,SEO & Content Writing,19,4.7,"Intermediate, Advanced",UAE,32,33,Hybrid
416,David Brown,DevOps,4,3.8,"Advanced, Beginner",Australia,11,61,Hybrid
417,Thomas Garcia,Backend Development,26,4.7,"Advanced, Intermediate",France,16,83,Live Sessions
418,Mary Jones,Data Science,13,4.3,"Advanced, Beginner",Germany,37,98,Hybrid
419,Charles Hernandez,Data Science,4,4.2,"Intermediate, Beginner, Advanced",Canada,12,18,Hybrid
420,Mary Thomas,Blockchain,24,4.2,"Beginner, Advanced, Intermediate",Germany,18,141,Live Sessions
421,Michael Taylor,Backend Development,18,4,Advanced,Australia,37,20,Live Sessions
422,Joseph Brown,AR/VR Development,11,3.7,Intermediate,India,26,88,Recorded Lectures
423,Joseph Wilson,Frontend Development,11,5,"Intermediate, Advanced",India,30,38,Hybrid
424,Jessica Taylor,Mobile App Development,22,4.5,"Advanced, Beginner, Intermediate",Germany,10,119,Live Sessions
425,Michael Smith,Software Testing,26,4.4,"Intermediate, Beginner, Advanced",UK,39,24,Recorded Lectures
426,Sarah Brown,Digital Marketing,12,3.7,"Beginner, Intermediate",Brazil,5,15,Hybrid
427,Joseph Martinez,Graphic Design,19,5,"Intermediate, Beginner",Spain,27,42,Recorded Lectures
428,Joseph Johnson,Graphic Design,17,4.8,"Beginner, Intermediate",Australia,35,110,Live Sessions
429,William Williams,Big Data Analytics,27,4.8,"Intermediate, Advanced, Beginner",Canada,21,42,Live Sessions
430,James Martin,Big Data Analytics,13,3.9,"Intermediate, Advanced, Beginner",Canada,12,25,Recorded Lectures
431,Joseph Lopez,Web Development,19,4.8,"Intermediate, Advanced, Beginner",Germany,33,144,Live Sessions
432,William Martinez,Game AI Development,27,4.3,"Beginner, Advanced",South Africa,13,134,Hybrid
433,Joseph Thomas,Cloud Computing,28,3.7,"Intermediate, Beginner",France,34,67,Recorded Lectures
434,Joseph Martin,Cloud Computing,9,3.8,"Advanced, Beginner",Spain,40,132,Live Sessions
435,James Moore,AR/VR Development,27,3.8,"Advanced, Beginner",Singapore,19,88,Hybrid
436,John Hernandez,DevOps,16,4.6,Intermediate,India,24,135,Hybrid
437,Susan Smith,Data Engineering,30,4.8,"Advanced, Beginner",Canada,32,116,Recorded Lectures
438,Karen Jones,Java Programming,27,4.4,Advanced,UAE,29,117,Live Sessions
439,Elizabeth Martin,Game Development,14,4,Advanced,Canada,7,92,Recorded Lectures
440,James Williams,Full Stack Development,24,3.6,"Intermediate, Advanced",Canada,37,58,Recorded Lectures
441,Jennifer Martin,Game AI Development,17,4.9,Advanced,UAE,24,149,Hybrid
442,Linda Jackson,Cloud Computing,5,4.5,"Intermediate, Beginner, Advanced",France,11,37,Hybrid
443,Thomas Martinez,Python Programming,14,4.2,"Intermediate, Beginner",Australia,12,79,Hybrid
444,James Williams,UI/UX Design,3,4.3,"Intermediate, Beginner, Advanced",Brazil,12,47,Hybrid
445,Linda Moore,AI & NLP,6,3.8,Advanced,Egypt,30,67,Live Sessions
446,John Lopez,Python Programming,12,3.9,"Beginner, Intermediate, Advanced",India,19,147,Live Sessions
447,Joseph Smith,AI & NLP,6,4.5,Intermediate,France,5,100,Recorded Lectures
448,John Miller,Web Development,28,3.9,"Advanced, Beginner",Singapore,5,115,Hybrid
449,Barbara Anderson,Graphic Design,7,3.7,"Advanced, Beginner, Intermediate",Germany,17,87,Live Sessions
450,Joseph Jackson,Cloud Security,9,3.6,Advanced,UK,13,144,Recorded Lectures
451,Susan Davis,Embedded Systems,3,3.6,"Advanced, Beginner",Brazil,34,138,Recorded Lectures
452,Richard Miller,Backend Development,4,4.5,"Beginner, Intermediate",South Africa,21,140,Hybrid
453,Mary Gonzalez,Cloud Security,29,3.9,"Intermediate, Beginner",UAE,16,85,Recorded Lectures
454,Jessica Smith,Game AI Development,19,3.8,Beginner,Australia,26,88,Recorded Lectures
455,Linda Martinez,Big Data Analytics,24,4.6,"Advanced, Beginner, Intermediate",UAE,7,25,Live Sessions
456,Robert Davis,AI & NLP,21,3.6,"Advanced, Intermediate",Brazil,37,94,Recorded Lectures
457,Joseph Johnson,Java Programming,27,4,Beginner,Germany,16,86,Live Sessions
458,Sarah Rodriguez,Mobile App Development,18,4.9,"Advanced, Intermediate, Beginner",Singapore,35,143,Hybrid
459,Linda Martin,Game AI Development,4,4.2,Beginner,Egypt,38,150,Hybrid
460,James Johnson,Cybersecurity,27,4.3,"Advanced, Intermediate, Beginner",Brazil,32,58,Live Sessions
461,Linda Brown,Mobile App Development,11,4.3,"Intermediate, Beginner, Advanced",UAE,13,26,Recorded Lectures
462,Robert Martin,Cybersecurity,23,4.9,"Beginner, Advanced, Intermediate",Spain,6,128,Live Sessions
463,Joseph Garcia,DevOps,7,4.2,Advanced,Brazil,8,115,Hybrid
464,Charles Taylor,Data Science,12,4.7,"Intermediate, Beginner, Advanced",Australia,40,26,Live Sessions
465,Thomas Wilson,AR/VR Development,12,4.6,Advanced,India,22,100,Hybrid
466,Jessica Williams,Game Development,19,3.8,"Intermediate, Advanced",South Africa,28,116,Recorded Lectures
467,Susan Taylor,Software Testing,15,4.4,Beginner,India,15,54,Hybrid
468,Barbara Gonzalez,Game Development,23,4.1,"Beginner, Intermediate",USA,29,136,Live Sessions
469,David Davis,Game Development,13,4.8,"Beginner, Intermediate",Singapore,24,33,Live Sessions
470,Thomas Garcia,Backend Development,23,4.1,Advanced,Germany,28,83,Hybrid
471,Susan Wilson,Java Programming,7,4,Advanced,Canada,9,149,Live Sessions
472,Thomas Moore,DevOps,28,3.6,"Advanced, Beginner, Intermediate",Australia,24,134,Live Sessions
473,Barbara Garcia,Embedded Systems,12,4.2,"Intermediate, Beginner, Advanced",France,36,44,Live Sessions
474,Patricia Brown,Python Programming,22,3.8,"Advanced, Beginner, Intermediate",Germany,25,13,Hybrid
475,Elizabeth Miller,Python Programming,11,4.1,"Beginner, Intermediate",South Africa,6,127,Live Sessions
476,James Smith,Data Science,4,4.8,Advanced,UK,17,88,Live Sessions
477,Michael Miller,DevOps,11,4,Intermediate,USA,28,148,Hybrid
478,Thomas Martinez,Big Data Analytics,13,3.7,Advanced,USA,30,116,Recorded Lectures
479,Linda Brown,Mobile App Development,17,4.5,Intermediate,UAE,6,62,Hybrid
480,Sarah Miller,Data Engineering,8,3.6,"Beginner, Intermediate, Advanced",UK,15,132,Recorded Lectures
481,Elizabeth Gonzalez,DevOps,3,4.1,Beginner,Egypt,25,71,Recorded Lectures
482,Sarah Smith,Digital Marketing,25,4.8,"Intermediate, Beginner",Egypt,40,42,Hybrid
483,Karen Thomas,Mobile App Development,30,4.1,Intermediate,USA,36,103,Hybrid
484,William Martin,Web Development,23,3.9,"Intermediate, Advanced, Beginner",Brazil,30,45,Live Sessions
485,Charles Johnson,SEO & Content Writing,28,3.6,"Beginner, Intermediate, Advanced",France,18,134,Hybrid
486,Karen Smith,Cybersecurity,27,4.2,Intermediate,UK,26,93,Hybrid
487,Susan Hernandez,Machine Learning,22,3.9,"Advanced, Intermediate",USA,24,117,Live Sessions
488,William Wilson,Networking,1,4,"Intermediate, Advanced, Beginner",USA,38,134,Live Sessions
489,Richard Lopez,Data Science,28,3.7,"Intermediate, Advanced",France,40,91,Hybrid
490,Barbara Moore,Embedded Systems,8,3.6,Beginner,Germany,17,125,Recorded Lectures
491,Elizabeth Jackson,Cybersecurity,8,4.1,"Beginner, Advanced, Intermediate",UK,10,81,Live Sessions
492,Sarah Davis,iOS Development,22,4.8,"Advanced, Intermediate",Brazil,26,132,Hybrid
493,Susan Jackson,AR/VR Development,2,4.5,"Intermediate, Advanced, Beginner",France,27,16,Live Sessions
494,David Moore,DevOps,20,4.8,Beginner,South Africa,20,83,Live Sessions
495,Michael Williams,Data Engineering,17,4.9,Beginner,Canada,14,32,Hybrid
496,Joseph Wilson,SEO & Content Writing,30,4,"Intermediate, Advanced",Germany,21,141,Recorded Lectures
497,Mary Martinez,Frontend Development,4,4.8,"Advanced, Intermediate",Canada,40,70,Live Sessions
498,Karen Wilson,Frontend Development,10,4.4,"Advanced, Beginner",South Africa,17,24,Hybrid
499,Sarah Hernandez,UI/UX Design,10,3.5,"Advanced, Intermediate, Beginner",Singapore,36,90,Recorded Lectures
500,Patricia Smith,Big Data Analytics,1,4.7,"Advanced, Intermediate, Beginner",Australia,6,16,Live Sessions
501,Jessica Miller,Python Programming,16,4.9,"Beginner, Advanced",Australia,28,17,Hybrid
502,Charles Wilson,Mobile App Development,8,4.2,"Advanced, Beginner, Intermediate",Australia,32,83,Recorded Lectures
503,Jessica Davis,SEO & Content Writing,11,4.1,"Advanced, Intermediate, Beginner",Australia,26,22,Live Sessions
504,David Gonzalez,Embedded Systems,28,3.6,"Beginner, Intermediate",Canada,9,46,Hybrid
505,Mary Martin,Big Data Analytics,22,3.9,Advanced,Germany,23,134,Hybrid
506,William Smith,Blockchain,21,3.7,"Intermediate, Advanced",Australia,29,21,Recorded Lectures
507,David Brown,Graphic Design,20,4.8,Advanced,India,7,72,Live Sessions
508,Patricia Anderson,Cloud Computing,23,4.9,Beginner,Egypt,19,125,Recorded Lectures
509,Jennifer Williams,Networking,17,4.6,Intermediate,Singapore,33,85,Recorded Lectures
510,Robert Gonzalez,Game Development,29,3.6,"Beginner, Intermediate, Advanced",USA,8,121,Live Sessions
511,Susan Jackson,Full Stack Development,28,3.8,"Advanced, Beginner",Singapore,20,12,Hybrid
512,Susan Martinez,Python Programming,17,3.9,"Advanced, Beginner, Intermediate",Singapore,5,51,Hybrid
513,Barbara Martin,Ethical Hacking,5,4.3,"Advanced, Beginner, Intermediate",France,34,143,Recorded Lectures
514,James Wilson,AR/VR Development,1,4.5,Beginner,Germany,23,55,Hybrid
515,Thomas Lopez,Ethical Hacking,17,4.9,Intermediate,Germany,36,31,Live Sessions
516,Richard Brown,Cloud Security,22,3.8,Advanced,South Africa,9,150,Recorded Lectures
517,James Garcia,Mobile App Development,13,4.2,"Intermediate, Advanced, Beginner",Germany,39,99,Recorded Lectures
518,James Davis,Graphic Design,15,3.9,"Intermediate, Beginner, Advanced",Singapore,8,96,Recorded Lectures
519,Barbara Lopez,Python Programming,10,3.8,"Intermediate, Beginner",France,33,67,Recorded Lectures
520,John Miller,Machine Learning,15,3.5,Advanced,Spain,37,89,Live Sessions
521,Joseph Miller,Data Engineering,10,3.6,Intermediate,Brazil,5,41,Live Sessions
522,Joseph Davis,Embedded Systems,7,4.1,"Intermediate, Beginner",Brazil,5,123,Hybrid
523,William Anderson,AI & NLP,11,4.5,Intermediate,Brazil,34,11,Hybrid
524,Richard Hernandez,Cybersecurity,17,4,"Intermediate, Advanced, Beginner",Spain,25,51,Hybrid
525,William Davis,Game Development,6,4.2,Intermediate,Germany,33,14,Hybrid
526,Linda Hernandez,Python Programming,24,4.9,Advanced,UAE,37,73,Hybrid
527,Michael Johnson,Cloud Security,23,4.1,"Beginner, Advanced",Brazil,10,127,Hybrid
528,Patricia Gonzalez,Big Data Analytics,4,4.8,"Advanced, Beginner, Intermediate",Canada,24,32,Recorded Lectures
529,John Johnson,Java Programming,22,4.4,"Beginner, Intermediate, Advanced",Brazil,26,64,Recorded Lectures
530,Linda Anderson,Data Science,2,4.5,Advanced,Singapore,18,10,Live Sessions
531,David Anderson,Blockchain,29,4,"Advanced, Intermediate",UK,12,77,Live Sessions
532,Karen Jackson,Game AI Development,26,4.4,Intermediate,USA,10,35,Hybrid
533,Patricia Smith,Cloud Security,5,3.7,"Advanced, Beginner",Germany,14,118,Recorded Lectures
534,Karen Thomas,Backend Development,6,4.9,Beginner,Brazil,24,103,Live Sessions
535,Mary Brown,Cloud Computing,7,4.8,"Advanced, Intermediate",Egypt,26,13,Recorded Lectures
536,Jennifer Davis,Networking,5,4.2,Intermediate,UAE,37,75,Hybrid
537,David Martin,AR/VR Development,15,3.7,Beginner,Canada,11,81,Recorded Lectures
538,Richard Miller,AI & NLP,20,4.2,Advanced,Germany,10,112,Hybrid
539,Richard Brown,Networking,6,4.1,"Intermediate, Advanced, Beginner",Egypt,7,117,Recorded Lectures
540,David Hernandez,Mobile App Development,9,4.6,Beginner,UAE,25,14,Recorded Lectures
541,David Hernandez,iOS Development,4,4.4,Beginner,South Africa,21,52,Live Sessions
542,Sarah Garcia,Embedded Systems,20,4.9,"Intermediate, Beginner, Advanced",India,20,111,Live Sessions
543,Richard Wilson,Full Stack Development,18,4.3,"Beginner, Advanced",Australia,18,38,Live Sessions
544,Susan Anderson,Cloud Computing,3,3.6,"Advanced, Intermediate, Beginner",India,19,122,Hybrid
545,Jennifer Smith,Frontend Development,18,3.7,"Advanced, Intermediate",Canada,35,115,Hybrid
546,Elizabeth Smith,Game Development,15,4.4,"Beginner, Advanced",South Africa,23,18,Live Sessions
547,Linda Taylor,Graphic Design,30,4.9,Beginner,Brazil,18,150,Hybrid
548,Jessica Taylor,Cybersecurity,24,4.1,Intermediate,UK,34,29,Hybrid
549,Michael Taylor,Frontend Development,28,4.4,Intermediate,Canada,30,145,Recorded Lectures
550,Richard Williams,Networking,11,4.3,"Intermediate, Advanced",Australia,27,127,Live Sessions
551,Robert Brown,AI & NLP,6,4.1,"Beginner, Advanced",France,18,36,Recorded Lectures
552,William Williams,Data Engineering,26,4.5,"Intermediate, Beginner, Advanced",Canada,8,102,Hybrid
553,John Lopez,Web Development,3,3.9,Intermediate,Canada,22,64,Recorded Lectures
554,Jessica Smith,UI/UX Design,13,4.3,"Beginner, Advanced, Intermediate",UK,31,135,Recorded Lectures
555,Charles Taylor,AR/VR Development,28,3.9,"Advanced, Intermediate",Egypt,24,133,Recorded Lectures
556,Elizabeth Martin,Backend Development,23,3.9,Intermediate,Spain,32,64,Hybrid
557,Barbara Garcia,Full Stack Development,17,5,"Advanced, Beginner",UK,9,51,Live Sessions
558,Thomas Wilson,Mobile App Development,18,4.1,Beginner,Egypt,31,140,Recorded Lectures
559,Jennifer Davis,DevOps,1,4.1,"Intermediate, Beginner, Advanced",Canada,28,132,Live Sessions
560,Robert Hernandez,DevOps,19,5,Intermediate,Singapore,16,47,Live Sessions
561,Michael Moore,Game AI Development,17,5,"Beginner, Intermediate",UK,20,136,Hybrid
562,Mary Martin,AR/VR Development,18,4.9,"Beginner, Advanced, Intermediate",France,19,62,Hybrid
563,William Martinez,Backend Development,24,3.9,"Beginner, Intermediate",Canada,8,38,Recorded Lectures
564,Joseph Miller,Big Data Analytics,19,4,Intermediate,USA,16,30,Recorded Lectures
565,David Davis,Cloud Computing,29,4.7,"Intermediate, Beginner, Advanced",Singapore,27,137,Live Sessions
566,Patricia Jackson,Product Management,23,4.5,"Beginner, Intermediate, Advanced",Canada,32,114,Recorded Lectures
567,Patricia Brown,Networking,30,3.6,"Beginner, Intermediate",South Africa,22,70,Recorded Lectures
568,David Anderson,Big Data Analytics,15,4.9,Beginner,Egypt,5,45,Recorded Lectures
569,Charles Thomas,Python Programming,2,3.6,"Intermediate, Beginner",UAE,34,34,Live Sessions
570,John Davis,Software Testing,25,4.8,"Intermediate, Advanced, Beginner",France,19,121,Recorded Lectures
571,John Martin,Java Programming,1,4.3,"Beginner, Intermediate, Advanced",UK,6,34,Recorded Lectures
572,Barbara Lopez,AI & NLP,24,4.3,"Intermediate, Beginner, Advanced",Germany,10,142,Recorded Lectures
573,Mary Gonzalez,iOS Development,30,4.4,Intermediate,Egypt,33,88,Recorded Lectures
574,Elizabeth Smith,iOS Development,11,4.7,Intermediate,South Africa,18,114,Hybrid
575,Michael Martinez,Mobile App Development,18,4.7,"Beginner, Intermediate",UAE,14,113,Hybrid
576,Jennifer Thomas,Backend Development,3,3.9,Advanced,India,13,141,Hybrid
577,Michael Thomas,Java Programming,23,4.5,"Intermediate, Beginner",Australia,24,30,Live Sessions
578,Jessica Anderson,Digital Marketing,20,4.9,Advanced,Egypt,14,29,Hybrid
579,Sarah Garcia,Networking,26,3.5,"Intermediate, Beginner, Advanced",Germany,40,45,Live Sessions
580,John Anderson,Digital Marketing,24,4.7,"Advanced, Beginner",Germany,30,16,Live Sessions
581,Thomas Moore,Ethical Hacking,25,4.3,Beginner,UK,11,91,Hybrid
582,Richard Taylor,Graphic Design,22,4.1,Beginner,UK,35,67,Recorded Lectures
583,Charles Martin,Data Science,28,3.8,"Beginner, Advanced",France,12,78,Live Sessions
584,Elizabeth Taylor,Game AI Development,1,4.7,"Advanced, Beginner, Intermediate",South Africa,21,120,Live Sessions
585,Linda Brown,Full Stack Development,6,4.5,"Advanced, Intermediate",UAE,36,94,Recorded Lectures
586,Karen Johnson,Networking,12,3.8,"Advanced, Beginner",Australia,38,14,Recorded Lectures
587,John Brown,Ethical Hacking,26,4.6,Advanced,USA,40,64,Live Sessions
588,Sarah Miller,iOS Development,20,3.7,"Advanced, Beginner, Intermediate",France,38,110,Hybrid
589,Joseph Rodriguez,Java Programming,16,3.7,"Advanced, Intermediate, Beginner",Germany,40,91,Recorded Lectures
590,Joseph Martinez,AI & NLP,22,4,Advanced,Singapore,29,81,Hybrid
591,William Thomas,Game Development,28,4.7,Advanced,Spain,6,106,Live Sessions
592,Jessica Gonzalez,Web Development,6,3.6,"Advanced, Intermediate",Egypt,12,18,Recorded Lectures
593,Patricia Jackson,Cloud Security,28,4.1,"Advanced, Beginner",Canada,11,64,Live Sessions
594,Michael Lopez,Data Science,26,3.9,Advanced,USA,22,13,Recorded Lectures
595,Karen Smith,Python Programming,29,3.5,"Intermediate, Advanced",UK,16,87,Hybrid
596,Sarah Johnson,Blockchain,15,4.7,Intermediate,Canada,11,40,Live Sessions
597,Mary Jones,Backend Development,18,3.9,"Beginner, Advanced, Intermediate",USA,36,100,Live Sessions
598,Elizabeth Martinez,Python Programming,19,4.3,Beginner,Brazil,29,139,Hybrid
599,Jessica Martinez,iOS Development,18,5,"Advanced, Beginner, Intermediate",UAE,29,67,Hybrid
600,Elizabeth Moore,UI/UX Design,20,4.7,Advanced,India,34,147,Recorded Lectures
